paste_count,tab_hidden_count,idle_spike_count,time_per_question,questions_seen,attempt_duration,paste_per_question,tab_per_question,speed,tab_density,paste_density,idle_ratio,suspicious_combo,fast_paste,fast_tab,risk
2,0,0,12.0,6,72.0,0.3333333333333333,0.0,0.08333326388894677,0.0,0.027777773919753623,0.0,0.0,0.02777775462964892,0.0,0
8,10,0,5.571428571428571,7,39.0,1.1428571428571428,1.4285714285714286,0.17948685733128172,0.2564101906640536,0.20512815253124292,0.0,1.6326530612244898,0.20512783695003625,0.25640979618754534,2
0,1,0,60.4,5,302.0,0.0,0.2,0.016556288649621085,0.0033112581685013852,0.0,0.0,0.0,0.0,0.003311257729924217,0
0,4,0,23.25,4,93.0,0.0,1.0,0.04301073418893153,0.04301074806336042,0.0,0.0,0.0,0.0,0.04301073418893153,0
0,2,0,23.0,4,92.0,0.0,0.5,0.043478241965981754,0.021739128071833903,0.0,0.0,0.0,0.0,0.021739120982990877,0
0,1,0,53.0,5,265.0,0.0,0.2,0.018867920968316798,0.0037735847632609527,0.0,0.0,0.0,0.0,0.0037735841936633596,0
8,11,0,5.166666666666667,6,31.0,1.3333333333333333,1.8333333333333333,0.19354801248771777,0.35483859521335637,0.258064432882441,0.0,2.444444444444444,0.25806401665029033,0.35483802289414923,2
2,4,0,29.8,5,149.0,0.4,0.8,0.03355703571911553,0.026845635782172094,0.013422817891086047,0.0,0.32000000000000006,0.013422814287646212,0.026845628575292425,1
6,4,0,26.5,8,212.0,0.75,0.5,0.037735834816666106,0.01886792363830549,0.028301885457458233,0.0,0.375,0.02830187611249958,0.018867917408333053,1
0,5,0,24.0,7,168.0,0.0,0.7142857142857143,0.04166664930556279,0.029761902990362916,0.0,0.0,0.0,0.0,0.02976189236111628,0
0,0,0,53.25,4,213.0,0.0,0.0,0.018779339196368226,0.0,0.0,0.0,0.0,0.0,0.0,0
6,7,0,43.625,8,349.0,0.75,0.875,0.022922630848680604,0.02005730601554997,0.01719197658475712,0.0,0.65625,0.017191973136510455,0.02005730199259553,1
1,5,0,25.166666666666668,6,151.0,0.16666666666666666,0.8333333333333334,0.03973508354897342,0.03311258058857082,0.006622516117714164,0.0,0.1388888888888889,0.006622513924828903,0.033112569624144515,1
2,3,0,18.25,4,73.0,0.5,0.75,0.05479449052356684,0.04109588478138564,0.027397256520923764,0.0,0.375,0.02739724526178342,0.04109586789267513,1
0,5,0,13.857142857142858,7,97.0,0.0,0.7142857142857143,0.07216489637584797,0.05154638643851686,0.0,0.0,0.0,0.0,0.05154635455417712,0
1,7,0,69.375,8,555.0,0.125,0.875,0.014414412336661284,0.012612612385358336,0.0018018017693369052,0.0,0.109375,0.0018018015420826605,0.012612610794578623,1
3,4,0,65.33333333333333,6,392.0,0.5,0.6666666666666666,0.015306120106206106,0.010204081372344864,0.007653061029258648,0.0,0.3333333333333333,0.007653060053103053,0.01020408007080407,1
0,1,0,60.57142857142857,7,424.0,0.0,0.14285714285714285,0.016509431236650503,0.0023584905104129597,0.0,0.0,0.0,0.0,0.0023584901766643576,0
3,6,0,55.0,6,330.0,0.5,1.0,0.018181814876033656,0.018181817630854014,0.009090908815427007,0.0,0.5,0.009090907438016828,0.018181814876033656,1
9,9,0,5.166666666666667,6,31.0,1.5,1.5,0.19354801248771777,0.29032248699274615,0.29032248699274615,0.0,2.25,0.29032201873157665,0.29032201873157665,2
1,1,0,58.0,6,348.0,0.16666666666666666,0.16666666666666666,0.017241376337693733,0.0028735631358171513,0.0028735631358171513,0.0,0.027777777777777776,0.0028735627229489556,0.0028735627229489556,0
5,3,0,26.5,8,212.0,0.625,0.375,0.037735834816666106,0.014150942728729117,0.02358490454788186,0.0,0.234375,0.023584896760416314,0.01415093805624979,1
7,1,0,26.0,8,208.0,0.875,0.125,0.03846152366864474,0.004807692076553265,0.033653844535872855,0.0,0.109375,0.03365383321006415,0.004807690458580593,1
6,5,0,5.0,5,25.0,1.2,1.0,0.19999960000080003,0.199999920000032,0.2399999040000384,0.0,1.2,0.23999952000096003,0.19999960000080003,2
12,9,0,4.625,8,37.0,1.5,1.125,0.2162157487227055,0.2432431775018439,0.3243242366691252,0.0,1.6875,0.32432362308405827,0.24324271731304367,2
7,3,0,34.666666666666664,6,208.0,1.1666666666666667,0.5,0.02884614552515033,0.014423076229659796,0.033653844535872855,0.0,0.5833333333333334,0.03365383644600872,0.014423072762575165,1
6,4,0,36.333333333333336,6,218.0,1.0,0.6666666666666666,0.027522928204698656,0.018348623011531055,0.027522934517296583,0.0,0.6666666666666666,0.027522928204698656,0.018348618803132436,1
2,6,0,17.8,5,89.0,0.4,1.2,0.0561797437192451,0.06741572276227834,0.022471907587426114,0.0,0.48,0.02247189748769804,0.06741569246309412,1
2,2,0,22.5,6,135.0,0.3333333333333333,0.3333333333333333,0.04444442469136681,0.014814813717421205,0.014814813717421205,0.0,0.1111111111111111,0.014814808230455601,0.014814808230455601,1
1,0,0,10.75,8,86.0,0.125,0.0,0.09302316928077277,0.0,0.011627905624662135,0.0,0.0,0.011627896160096596,0.0,0
1,2,0,54.375,8,435.0,0.125,0.25,0.018390801215484833,0.004597701043731011,0.0022988505218655055,0.0,0.03125,0.002298850151935604,0.004597700303871208,0
3,1,0,20.75,4,83.0,0.75,0.25,0.048192747858916696,0.01204819131949502,0.03614457395848506,0.0,0.1875,0.03614456089418752,0.012048186964729174,1
8,2,0,24.75,8,198.0,1.0,0.25,0.04040402407918219,0.010101009590858101,0.040404038363432405,0.0,0.25,0.04040402407918219,0.010101006019795548,1
0,0,0,49.0,5,245.0,0.0,0.0,0.020408159100375693,0.0,0.0,0.0,0.0,0.0,0.0,0
1,5,0,35.0,5,175.0,0.2,1.0,0.028571420408165595,0.028571426938775603,0.005714285387755121,0.0,0.2,0.0057142840816331196,0.028571420408165595,1
5,3,0,19.571428571428573,7,137.0,0.7142857142857143,0.42857142857142855,0.05109486440408388,0.02189780862059791,0.036496347700996516,0.0,0.30612244897959184,0.036496331717202776,0.02189779903032166,1
4,1,0,26.0,6,156.0,0.6666666666666666,0.16666666666666666,0.03846152366864474,0.006410255999342564,0.025641023997370255,0.0,0.1111111111111111,0.025641015779096492,0.006410253944774123,1
1,1,0,18.5,4,74.0,0.25,0.25,0.054054024835662254,0.013513511687363285,0.013513511687363285,0.0,0.0625,0.013513506208915563,0.013513506208915563,0
12,12,0,5.75,8,46.0,1.5,1.5,0.17391274102131998,0.26086950850662854,0.26086950850662854,0.0,2.25,0.26086911153198,0.26086911153198,2
2,4,0,72.25,4,289.0,0.5,1.0,0.013840828534141378,0.013840829970905539,0.0069204149854527695,0.0,0.5,0.006920414267070689,0.013840828534141378,1
0,7,0,21.25,8,170.0,0.0,0.875,0.04705880138409347,0.04117646816609011,0.0,0.0,0.0,0.0,0.04117645121108179,0
2,0,0,59.125,8,473.0,0.25,0.0,0.01691331637829744,0.0,0.004228329720331296,0.0,0.0,0.00422832909457436,0.0,0
5,3,0,18.2,5,91.0,1.0,0.6,0.05494502475548091,0.032967029344282486,0.05494504890713748,0.0,0.6,0.05494502475548091,0.03296701485328855,1
10,7,0,5.2,5,26.0,2.0,1.4,0.1923073224859183,0.2692306656805132,0.3846152366864474,0.0,2.8,0.3846146449718366,0.2692302514802856,2
4,1,0,28.75,4,115.0,1.0,0.25,0.034782596597357704,0.008695651417769441,0.034782605671077764,0.0,0.25,0.034782596597357704,0.008695649149339426,1
2,5,0,27.375,8,219.0,0.25,0.625,0.0365296670211262,0.02283104918579684,0.009132419674318736,0.0,0.15625,0.00913241675528155,0.022831041888203875,1
0,0,0,48.0,6,288.0,0.0,0.0,0.020833328993056458,0.0,0.0,0.0,0.0,0.0,0.0,0
6,4,0,25.625,8,205.0,0.75,0.5,0.03902437501487804,0.01951219417013687,0.029268291255205303,0.0,0.375,0.029268281261158532,0.01951218750743902,1
1,7,0,29.0,8,232.0,0.125,0.875,0.03448274673008733,0.030172412492568426,0.00431034464179549,0.0,0.109375,0.0043103433412609166,0.030172403388826416,1
7,9,0,5.333333333333333,6,32.0,1.1666666666666667,1.5,0.1874996484381592,0.2812499121094024,0.21874993164064635,0.0,1.75,0.21874958984451906,0.28124947265723876,2
0,0,0,56.25,4,225.0,0.0,0.0,0.01777777461728451,0.0,0.0,0.0,0.0,0.0,0.0,0
3,4,0,23.0,5,115.0,0.6,0.8,0.043478241965981754,0.034782605671077764,0.026086954253308325,0.0,0.48,0.026086945179589052,0.0347825935727854,1
0,1,0,62.285714285714285,7,436.0,0.0,0.14285714285714285,0.016055043293915067,0.002293577929046378,0.0,0.0,0.0,0.0,0.002293577613416438,0
4,5,0,75.2,5,376.0,0.8,1.0,0.013297870572091678,0.013297871986758724,0.01063829758940698,0.0,0.8,0.010638296457673342,0.013297870572091678,1
12,12,0,5.285714285714286,7,37.0,1.7142857142857142,1.7142857142857142,0.1891888312643733,0.3243242366691252,0.3243242366691252,0.0,2.9387755102040813,0.32432371073892563,0.32432371073892563,2
2,4,0,25.5,4,102.0,0.5,1.0,0.03921567089581533,0.03921568242983506,0.01960784121491753,0.0,0.5,0.019607835447907666,0.03921567089581533,1
4,1,0,23.8,5,119.0,0.8,0.2,0.04201678906857602,0.008403360638373056,0.033613442553492225,0.0,0.16000000000000003,0.03361343125486082,0.008403357813715205,1
3,3,0,27.833333333333332,6,167.0,0.5,0.5,0.03592813080426439,0.017964070780594563,0.017964070780594563,0.0,0.25,0.017964065402132193,0.017964065402132193,1
3,7,0,27.166666666666668,6,163.0,0.5,1.1666666666666667,0.036809802401299725,0.04294478264142438,0.018404906846324735,0.0,0.5833333333333334,0.018404901200649863,0.042944769468183014,1
0,1,0,63.714285714285715,7,446.0,0.0,0.14285714285714285,0.015695064801223013,0.0022421524160952376,0.0,0.0,0.0,0.0,0.00224215211446043,0
1,1,0,52.375,8,419.0,0.125,0.125,0.01909307511349401,0.002386634787908478,0.002386634787908478,0.0,0.015625,0.0023866343891867513,0.0023866343891867513,0
1,0,0,11.333333333333334,6,68.0,0.16666666666666666,0.0,0.08823521626304447,0.0,0.014705880190311736,0.0,0.0,0.014705869377174077,0.0,0
2,0,0,8.428571428571429,7,59.0,0.2857142857142857,0.0,0.11864392703262895,0.0,0.0338982993392713,0.0,0.0,0.03389826486646541,0.0,0
5,3,0,73.4,5,367.0,1.0,0.6,0.013623976345507308,0.008174386698245594,0.013623977830409324,0.0,0.6,0.013623976345507308,0.008174385807304384,1
2,7,0,18.166666666666668,6,109.0,0.3333333333333333,1.1666666666666667,0.05504584125916995,0.06422017759447912,0.018348622169851177,0.0,0.3888888888888889,0.018348613753056648,0.06422014813569828,1
4,4,0,28.0,6,168.0,0.6666666666666666,0.6666666666666666,0.03571427295918823,0.023809522392290332,0.023809522392290332,0.0,0.4444444444444444,0.023809515306125482,0.023809515306125482,1
2,2,0,49.166666666666664,6,295.0,0.3333333333333333,0.3333333333333333,0.020338978914105982,0.006779660787130143,0.006779660787130143,0.0,0.1111111111111111,0.006779659638035327,0.006779659638035327,1
3,3,0,62.0,4,248.0,0.75,0.75,0.016129029656608118,0.012096773705775254,0.012096773705775254,0.0,0.5625,0.012096772242456089,0.012096772242456089,1
2,5,0,29.75,8,238.0,0.25,0.625,0.03361343407951796,0.02100840247863855,0.00840336099145542,0.0,0.15625,0.00840335851987949,0.021008396299698723,1
0,5,0,24.833333333333332,6,149.0,0.0,0.8333333333333334,0.04026844016035967,0.03355704472771512,0.0,0.0,0.0,0.0,0.033557033466966396,0
0,0,0,60.5,4,242.0,0.0,0.0,0.01652892288778134,0.0,0.0,0.0,0.0,0.0,0.0,0
10,9,0,5.571428571428571,7,39.0,1.4285714285714286,1.2857142857142858,0.17948685733128172,0.2307691715976483,0.2564101906640536,0.0,1.8367346938775513,0.25640979618754534,0.2307688165687908,2
1,3,0,19.2,5,96.0,0.2,0.6,0.052083306206611356,0.031249996744792004,0.010416665581597335,0.0,0.12,0.010416661241322272,0.031249983723966812,1
3,3,0,54.0,8,432.0,0.375,0.375,0.01851851508916387,0.00694444428369342,0.00694444428369342,0.0,0.140625,0.006944443158436451,0.006944443158436451,1
1,3,0,23.666666666666668,6,142.0,0.16666666666666666,0.5,0.04225350327316763,0.021126759075580346,0.007042253025193449,0.0,0.08333333333333333,0.007042250545527939,0.021126751636583816,1
0,1,0,8.5,4,34.0,0.0,0.25,0.11764692041538775,0.029411756055365862,0.0,0.0,0.0,0.0,0.02941173010384694,0
3,3,0,23.4,5,117.0,0.6,0.6,0.042735024472211766,0.025641023449485174,0.025641023449485174,0.0,0.36,0.02564101468332706,0.02564101468332706,1
5,0,0,24.0,8,192.0,0.625,0.0,0.04166664930556279,0.0,0.02604166531032993,0.0,0.0,0.026041655815976745,0.0,0
2,6,0,22.166666666666668,6,133.0,0.3333333333333333,1.0,0.04511276160326544,0.04511277856294898,0.015037592854316327,0.0,0.3333333333333333,0.015037587201088479,0.04511276160326544,1
6,3,0,27.428571428571427,7,192.0,0.8571428571428571,0.42857142857142855,0.03645832004123749,0.015624999186197959,0.031249998372395917,0.0,0.36734693877551017,0.031249988606774987,0.015624994303387494,1
5,6,0,19.5,8,156.0,0.625,0.75,0.05128202498357693,0.03846153599605538,0.03205127999671282,0.0,0.46875,0.032051265614735584,0.0384615187376827,1
0,1,0,52.5,6,315.0,0.0,0.16666666666666666,0.019047615419501823,0.003174603073822125,0.0,0.0,0.0,0.0,0.0031746025699169703,0
10,8,0,4.666666666666667,6,28.0,1.6666666666666667,1.3333333333333333,0.2142852551030248,0.2857141836735058,0.3571427295918823,0.0,2.2222222222222223,0.35714209183837464,0.2857136734706997,2
4,1,0,25.25,4,101.0,1.0,0.25,0.03960394471130903,0.009900989118713949,0.039603956474855796,0.0,0.25,0.03960394471130903,0.009900986177827257,1
8,3,0,26.875,8,215.0,1.0,0.375,0.03720928848026475,0.013953487723093594,0.03720930059491625,0.0,0.375,0.03720928848026475,0.013953483180099282,1
0,1,0,6.2,5,31.0,0.0,0.2,0.16129006243538319,0.03225805411030513,0.0,0.0,0.0,0.0,0.03225801248707664,0
6,6,0,6.5,4,26.0,1.5,1.5,0.15384591716012747,0.23076914201186846,0.23076914201186846,0.0,2.25,0.2307688757401912,0.2307688757401912,2
6,7,0,45.0,8,360.0,0.75,0.875,0.022222217283951712,0.019444443904321006,0.016666666203703717,0.0,0.65625,0.016666662962963784,0.019444440123457748,1
6,4,0,34.42857142857143,7,241.0,0.8571428571428571,0.5714285714285714,0.029045634717035557,0.016597509684750635,0.024896264527125952,0.0,0.48979591836734687,0.02489625832888762,0.016597505552591745,1
5,2,0,24.5,6,147.0,0.8333333333333334,0.3333333333333333,0.04081630987089393,0.013605441251330527,0.03401360312832632,0.0,0.2777777777777778,0.03401359155907827,0.013605436623631308,1
2,2,0,23.2,5,116.0,0.4,0.4,0.04310342969679755,0.017241377824019154,0.017241377824019154,0.0,0.16000000000000003,0.01724137187871902,0.01724137187871902,1
0,2,0,10.8,5,54.0,0.0,0.4,0.09259250685878995,0.03703703017832774,0.0,0.0,0.0,0.0,0.03703700274351598,0
6,2,0,27.666666666666668,6,166.0,1.0,0.3333333333333333,0.03614456524895232,0.012048192045289636,0.036144576135868904,0.0,0.3333333333333333,0.03614456524895232,0.01204818841631744,1
2,2,0,31.0,4,124.0,0.5,0.5,0.03225805411030513,0.016129030957336213,0.016129030957336213,0.0,0.25,0.016129027055152564,0.016129027055152564,1
4,2,0,19.666666666666668,6,118.0,0.6666666666666666,0.3333333333333333,0.05084743177249232,0.016949151106004142,0.033898302212008284,0.0,0.2222222222222222,0.03389828784832821,0.016949143924164106,1
2,2,0,26.5,4,106.0,0.5,0.5,0.037735834816666106,0.018867922748309174,0.018867922748309174,0.0,0.25,0.018867917408333053,0.018867917408333053,1
6,5,0,53.0,7,371.0,0.8571428571428571,0.7142857142857143,0.018867920968316798,0.01347708858552322,0.016172506302627863,0.0,0.6122448979591837,0.01617250368712868,0.01347708640594057,1
6,6,0,31.625,8,253.0,0.75,0.75,0.03162054336109301,0.0237154140823947,0.0237154140823947,0.0,0.5625,0.023715407520819756,0.023715407520819756,1
12,12,0,6.125,8,49.0,1.5,1.5,0.16326503956728236,0.2448979092045083,0.2448979092045083,0.0,2.25,0.24489755935092355,0.24489755935092355,2
5,2,0,23.285714285714285,7,163.0,0.7142857142857143,0.2857142857142857,0.042944766833535715,0.012269937897549823,0.030674844743874555,0.0,0.20408163265306123,0.030674833452525512,0.012269933381010203,1
6,8,0,71.0,8,568.0,0.75,1.0,0.014084505058520413,0.014084506794286853,0.01056338009571514,0.0,0.75,0.01056337879389031,0.014084505058520413,1
0,0,0,13.25,4,53.0,0.0,0.0,0.07547164115347837,0.0,0.0,0.0,0.0,0.0,0.0,0
4,5,0,25.0,8,200.0,0.5,0.625,0.0399999840000064,0.02499999875000006,0.01999999900000005,0.0,0.3125,0.0199999920000032,0.024999990000004,1
7,4,0,44.5,8,356.0,0.875,0.5,0.022471905062493244,0.01123595474056307,0.019662920795985372,0.0,0.4375,0.019662916929681588,0.011235952531246622,1
10,8,0,6.166666666666667,6,37.0,1.6666666666666667,1.3333333333333333,0.16216189919692023,0.2162161577794168,0.270270197224271,0.0,2.2222222222222223,0.27026983199486704,0.21621586559589362,2
4,2,0,56.25,4,225.0,1.0,0.5,0.01777777461728451,0.008888888493827178,0.017777776987654356,0.0,0.5,0.01777777461728451,0.008888887308642256,1
5,3,0,29.6,5,148.0,1.0,0.6,0.03378377237034717,0.020270268900657508,0.033783781501095844,0.0,0.6,0.03378377237034717,0.020270263422208303,1
1,1,0,24.5,4,98.0,0.25,0.25,0.04081630987089393,0.010204080591420348,0.010204080591420348,0.0,0.0625,0.010204077467723482,0.010204077467723482,1
1,1,0,51.5,6,309.0,0.16666666666666666,0.16666666666666666,0.019417471957772433,0.0032362458499596816,0.0032362458499596816,0.0,0.027777777777777776,0.003236245326295405,0.003236245326295405,0
4,3,0,48.25,4,193.0,1.0,0.75,0.02072538430561983,0.015544040645386495,0.020725387527181994,0.0,0.75,0.02072538430561983,0.015544038229214872,1
2,0,0,12.6,5,63.0,0.4,0.0,0.07936501637697113,0.0,0.03174602670697989,0.0,0.0,0.03174600655078846,0.0,0
2,3,0,24.8,5,124.0,0.4,0.6,0.04032256438606275,0.02419354643600432,0.016129030957336213,0.0,0.24,0.0161290257544251,0.02419353863163765,1
1,3,0,68.5,4,274.0,0.25,0.75,0.014598538014811969,0.01094890470989399,0.0036496349032979964,0.0,0.1875,0.003649634503702992,0.010948903511108977,1
2,1,0,49.375,8,395.0,0.25,0.125,0.02025316045505611,0.002531645505527962,0.005063291011055924,0.0,0.03125,0.0050632901137640275,0.0025316450568820138,1
4,7,0,41.125,8,329.0,0.5,0.875,0.02431610350976206,0.021276595097975835,0.012158054341700477,0.0,0.4375,0.01215805175488103,0.021276590571041802,1
1,1,0,10.75,4,43.0,0.25,0.25,0.09302316928077277,0.0232558085451608,0.0232558085451608,0.0,0.0625,0.023255792320193192,0.023255792320193192,0
2,3,0,27.25,4,109.0,0.5,0.75,0.03669723423954707,0.027522933254776765,0.018348622169851177,0.0,0.375,0.018348617119773536,0.027522925679660304,1
4,2,0,31.0,7,217.0,0.5714285714285714,0.2857142857142857,0.03225805411030513,0.009216589437023527,0.018433178874047055,0.0,0.16326530612244897,0.018433173777317215,0.009216586888658607,1
6,0,0,25.5,6,153.0,1.0,0.0,0.03921567089581533,0.0,0.03921568371139322,0.0,0.0,0.03921567089581533,0.0,0
0,2,0,58.857142857142854,7,412.0,0.0,0.2857142857142857,0.01699028837543644,0.004854368814214349,0.0,0.0,0.0,0.0,0.004854368107267555,0
1,0,0,64.75,8,518.0,0.125,0.0,0.015444013058839681,0.0,0.0019305018932335542,0.0,0.0,0.0019305016323549601,0.0,0
3,3,0,40.0,5,200.0,0.6,0.6,0.02499999375000156,0.014999999250000038,0.014999999250000038,0.0,0.36,0.014999996250000935,0.014999996250000935,1
2,3,0,22.166666666666668,6,133.0,0.3333333333333333,0.5,0.04511276160326544,0.02255638928147449,0.015037592854316327,0.0,0.16666666666666666,0.015037587201088479,0.02255638080163272,1
2,7,0,23.375,8,187.0,0.25,0.875,0.04278073036118487,0.037433153078441014,0.010695186593840288,0.0,0.21875,0.010695182590296217,0.037433139066036764,1
6,6,0,61.625,8,493.0,0.75,0.75,0.016227177894169914,0.01217038514867373,0.01217038514867373,0.0,0.5625,0.012170383420627436,0.012170383420627436,1
2,4,0,58.5,6,351.0,0.3333333333333333,0.6666666666666666,0.01709401417196339,0.011396011071338717,0.005698005535669359,0.0,0.2222222222222222,0.005698004723987796,0.011396009447975593,1
1,1,0,25.0,4,100.0,0.25,0.25,0.0399999840000064,0.0099999990000001,0.0099999990000001,0.0,0.0625,0.0099999960000016,0.0099999960000016,1
7,1,0,21.833333333333332,6,131.0,1.1666666666666667,0.16666666666666666,0.045801505739768364,0.007633587203542961,0.05343511042480073,0.0,0.19444444444444445,0.05343509002972976,0.007633584289961394,1
2,1,0,26.875,8,215.0,0.25,0.125,0.03720928848026475,0.004651162574364531,0.009302325148729062,0.0,0.03125,0.009302322120066188,0.004651161060033094,1
5,1,0,30.142857142857142,7,211.0,0.7142857142857143,0.14285714285714285,0.03317534444419853,0.004739336268277902,0.02369668134138951,0.0,0.10204081632653061,0.02369667460299895,0.0047393349205997895,1
4,4,0,31.2,5,156.0,0.8,0.8,0.032051271778438535,0.025641023997370255,0.025641023997370255,0.0,0.6400000000000001,0.02564101742275083,0.02564101742275083,1
3,7,0,25.5,8,204.0,0.375,0.875,0.03921567089581533,0.034313723808150794,0.014705881632064625,0.0,0.328125,0.01470587658593075,0.034313712033838414,1
1,3,0,54.25,4,217.0,0.25,0.75,0.018433176325681783,0.013824884155535292,0.004608294718511764,0.0,0.1875,0.004608294081420446,0.013824882244261337,1
5,1,0,67.875,8,543.0,0.625,0.125,0.014732962838605843,0.0018416205922353482,0.009208102961176742,0.0,0.078125,0.009208101774128652,0.0018416203548257304,1
1,2,0,56.625,8,453.0,0.125,0.25,0.017660041031339332,0.004415010940065984,0.002207505470032992,0.0,0.03125,0.0022075051289174165,0.004415010257834833,0
0,2,0,58.375,8,467.0,0.0,0.25,0.017130618050429456,0.004282655154546999,0.0,0.0,0.0,0.0,0.004282654512607364,0
0,1,0,52.8,5,264.0,0.0,0.2,0.018939390352388192,0.0037878786443985364,0.0,0.0,0.0,0.0,0.0037878780704776386,0
1,5,0,29.833333333333332,6,179.0,0.16666666666666666,0.8333333333333334,0.03351954183702508,0.027932959333354226,0.0055865918666708455,0.0,0.1388888888888889,0.005586590306170846,0.027932951530854237,1
0,6,0,20.2,5,101.0,0.0,1.2,0.0495049259876604,0.05940593471228369,0.0,0.0,0.0,0.0,0.05940591118519248,0
11,9,0,5.142857142857143,7,36.0,1.5714285714285714,1.2857142857142858,0.19444406635875985,0.24999993055557482,0.3055554706790359,0.0,2.0204081632653064,0.3055549614209083,0.24999951388983413,2
3,1,0,31.5,4,126.0,0.75,0.25,0.03174602166792963,0.007936507306626404,0.02380952191987921,0.0,0.1875,0.02380951625094722,0.007936505416982407,1
2,5,0,58.333333333333336,6,350.0,0.3333333333333333,0.8333333333333334,0.017142854204082136,0.014285713877551034,0.005714285551020413,0.0,0.2777777777777778,0.005714284734694045,0.014285711836735113,1
11,10,0,4.714285714285714,7,33.0,1.5714285714285714,1.4285714285714286,0.21212076216808026,0.30303021120296625,0.3333332323232629,0.0,2.2448979591836733,0.33333262626412613,0.3030296602401147,2
0,2,0,54.25,4,217.0,0.0,0.5,0.018433176325681783,0.009216589437023527,0.0,0.0,0.0,0.0,0.009216588162840891,0
0,0,0,44.0,4,176.0,0.0,0.0,0.022727267561984642,0.0,0.0,0.0,0.0,0.0,0.0,0
3,6,0,67.2,5,336.0,0.6,1.2,0.014880950166525271,0.017857142325680288,0.008928571162840144,0.0,0.72,0.008928570099915163,0.017857140199830326,1
2,3,0,40.333333333333336,6,242.0,0.3333333333333333,0.5,0.02479338228263249,0.012396693702615962,0.008264462468410642,0.0,0.16666666666666666,0.008264460760877496,0.012396691141316245,1
0,1,0,62.25,4,249.0,0.0,0.25,0.016064254447509325,0.004016064095740398,0.0,0.0,0.0,0.0,0.004016063611877331,0
6,6,0,4.75,4,19.0,1.5,1.5,0.2105258725771104,0.31578930747931183,0.31578930747931183,0.0,2.25,0.31578880886566557,0.31578880886566557,2
0,6,0,20.285714285714285,7,142.0,0.0,0.8571428571428571,0.049295750347165324,0.04225351815116069,0.0,0.0,0.0,0.0,0.04225350029757027,0
5,4,0,22.0,5,110.0,1.0,0.8,0.04545452479339782,0.03636363305785154,0.045454541322314426,0.0,0.8,0.04545452479339782,0.03636361983471826,1
7,4,0,19.6,5,98.0,1.4,0.8,0.051020382132458096,0.04081632236568139,0.07142856413994243,0.0,1.1199999999999999,0.07142853498544133,0.04081630570596648,1
5,6,0,21.375,8,171.0,0.625,0.75,0.046783603843928025,0.03508771724633233,0.029239764371943602,0.0,0.46875,0.029239752402455015,0.03508770288294602,1
4,5,0,66.6,5,333.0,0.8,1.0,0.015015012760508595,0.015015014564113678,0.012012011651290943,0.0,0.8,0.012012010208406877,0.015015012760508595,1
5,4,0,25.2,5,126.0,1.0,0.8,0.03968252393550638,0.031746029226505615,0.03968253653313202,0.0,0.8,0.03968252393550638,0.0317460191484051,1
9,8,0,6.166666666666667,6,37.0,1.5,1.3333333333333333,0.16216189919692023,0.2162161577794168,0.2432431775018439,0.0,2.0,0.24324284879538033,0.21621586559589362,2
4,5,0,62.42857142857143,7,437.0,0.5714285714285714,0.7142857142857143,0.01601830407029454,0.011441647335431411,0.00915331786834513,0.0,0.40816326530612246,0.00915331661159688,0.011441645764496102,1
3,3,0,74.8,5,374.0,0.6,0.6,0.01336898216992217,0.008021390159855878,0.008021390159855878,0.0,0.36,0.008021389301953301,0.008021389301953301,1
3,4,0,44.857142857142854,7,314.0,0.42857142857142855,0.5714285714285714,0.022292988660798707,0.012738853097488756,0.009554139823116568,0.0,0.24489795918367344,0.00955413799748516,0.012738850663313546,1
3,1,0,9.142857142857142,7,64.0,0.42857142857142855,0.14285714285714285,0.1093748803712246,0.01562499755859413,0.04687499267578239,0.0,0.06122448979591836,0.04687494873052483,0.015624982910174941,1
0,0,0,48.0,4,192.0,0.0,0.0,0.020833328993056458,0.0,0.0,0.0,0.0,0.0,0.0,0
2,4,0,30.8,5,154.0,0.4,0.8,0.03246752192612924,0.02597402428740102,0.01298701214370051,0.0,0.32000000000000006,0.012987008770451697,0.025974017540903394,1
2,2,0,69.75,4,279.0,0.5,0.5,0.014336915507252256,0.0071684585244280105,0.0071684585244280105,0.0,0.25,0.007168457753626128,0.007168457753626128,1
1,5,0,22.857142857142858,7,160.0,0.14285714285714285,0.7142857142857143,0.04374998085938337,0.031249998046875123,0.006249999609375024,0.0,0.10204081632653061,0.006249997265626196,0.03124998632813098,1
5,5,0,23.75,8,190.0,0.625,0.625,0.042105245429370344,0.02631578808864273,0.02631578808864273,0.0,0.390625,0.026315778393356463,0.026315778393356463,1
2,0,0,9.875,8,79.0,0.25,0.0,0.10126572023724534,0.0,0.02531645249158829,0.0,0.0,0.025316430059311334,0.0,0
12,9,0,5.0,7,35.0,1.7142857142857142,1.2857142857142858,0.19999960000080003,0.25714278367349036,0.34285704489798713,0.0,2.2040816326530615,0.3428564571442286,0.2571423428581715,2
1,4,0,51.0,5,255.0,0.2,0.8,0.01960783929258053,0.015686273894655926,0.003921568473663982,0.0,0.16000000000000003,0.003921567858516106,0.015686271434064425,1
0,0,0,61.333333333333336,6,368.0,0.0,0.0,0.01630434516776981,0.0,0.0,0.0,0.0,0.0,0.0,0
3,6,0,21.857142857142858,7,153.0,0.42857142857142855,0.8571428571428571,0.04575161305481756,0.03921568371139322,0.01960784185569661,0.0,0.36734693877551017,0.01960783416635038,0.03921566833270076,1
1,4,0,25.428571428571427,7,178.0,0.14285714285714285,0.5714285714285714,0.03932582723141626,0.02247190884989276,0.00561797721247319,0.0,0.08163265306122448,0.005617975318773751,0.022471901275095005,1
1,2,0,74.4,5,372.0,0.2,0.4,0.013440858408486772,0.005376343941496131,0.0026881719707480653,0.0,0.08000000000000002,0.0026881716816973544,0.005376343363394709,0
0,2,0,55.857142857142854,7,391.0,0.0,0.2857142857142857,0.01790281009412607,0.005115089383245796,0.0,0.0,0.0,0.0,0.005115088598321734,0
0,1,0,30.4,5,152.0,0.0,0.2,0.032894726021471705,0.006578946935595596,0.0,0.0,0.0,0.0,0.006578945204294341,0
0,1,0,47.0,8,376.0,0.0,0.125,0.021276591217746547,0.002659574397351745,0.0,0.0,0.0,0.0,0.0026595739022183184,0
8,9,0,5.333333333333333,6,32.0,1.3333333333333333,1.5,0.1874996484381592,0.2812499121094024,0.2499999218750244,0.0,2.0,0.24999953125087893,0.28124947265723876,2
1,0,0,47.0,4,188.0,0.25,0.0,0.021276591217746547,0.0,0.005319148653236774,0.0,0.0,0.005319147804436637,0.0,0
2,7,0,27.375,8,219.0,0.25,0.875,0.0365296670211262,0.03196346886011558,0.009132419674318736,0.0,0.21875,0.00913241675528155,0.031963458643485425,1
9,10,0,6.0,6,36.0,1.5,1.6666666666666667,0.16666638888935187,0.27777770061730533,0.24999993055557482,0.0,2.5,0.2499995833340278,0.2777773148155865,2
5,10,0,45.625,8,365.0,0.625,1.25,0.021917803415275963,0.027397259523362756,0.013698629761681378,0.0,0.78125,0.013698627134547477,0.027397254269094954,1
2,3,0,52.4,5,262.0,0.4,0.6,0.019083965823670643,0.011450381242351862,0.007633587494901241,0.0,0.24,0.007633586329468258,0.011450379494202386,1
12,7,0,5.857142857142857,7,41.0,1.7142857142857142,1.0,0.17073141582441204,0.17073166567520348,0.292682855443206,0.0,1.7142857142857142,0.2926824271275635,0.17073141582441204,2
11,11,0,6.25,8,50.0,1.375,1.375,0.15999974400040962,0.2199999560000088,0.2199999560000088,0.0,1.890625,0.2199996480005632,0.2199996480005632,2
0,1,0,48.4,5,242.0,0.0,0.2,0.020661152755960175,0.004132231234205321,0.0,0.0,0.0,0.0,0.004132230551192035,0
8,8,0,4.833333333333333,6,29.0,1.3333333333333333,1.3333333333333333,0.20689612366319246,0.27586197384069866,0.27586197384069866,0.0,1.7777777777777777,0.27586149821758993,0.27586149821758993,2
3,5,0,62.2,5,311.0,0.6,1.0,0.01607716783325276,0.01607716990105563,0.00964630194063338,0.0,0.6,0.009646300699951654,0.01607716783325276,1
0,1,0,10.285714285714286,7,72.0,0.0,0.14285714285714285,0.09722212770070918,0.013888886959876811,0.0,0.0,0.0,0.0,0.013888875385815597,0
4,8,0,27.375,8,219.0,0.5,1.0,0.0365296670211262,0.03652967869727494,0.01826483934863747,0.0,0.5,0.0182648335105631,0.0365296670211262,1
3,6,0,21.8,5,109.0,0.6,1.2,0.04587153859103734,0.05504586650955353,0.027522933254776765,0.0,0.72,0.027522923154622403,0.055045846309244806,1
9,9,0,5.8,5,29.0,1.8,1.8,0.1724134958388003,0.310344720570786,0.310344720570786,0.0,3.24,0.3103442925098406,0.3103442925098406,2
0,0,0,12.25,4,49.0,0.0,0.0,0.08163258642237843,0.0,0.0,0.0,0.0,0.0,0.0,0
2,4,0,20.8,5,104.0,0.4,0.8,0.048076899963028864,0.038461534763313966,0.019230767381656983,0.0,0.32000000000000006,0.019230759985211548,0.038461519970423096,1
5,5,0,41.4,5,207.0,1.0,1.0,0.024154583537540207,0.024154588205092357,0.024154588205092357,0.0,1.0,0.024154583537540207,0.024154583537540207,1
5,0,0,25.25,4,101.0,1.25,0.0,0.03960394471130903,0.0,0.049504945593569744,0.0,0.0,0.04950493088913628,0.0,0
4,6,0,4.5,4,18.0,1.0,1.5,0.22222172839615914,0.33333314814825105,0.2222220987655007,0.0,1.5,0.22222172839615914,0.3333325925942387,2
0,5,0,25.166666666666668,6,151.0,0.0,0.8333333333333334,0.03973508354897342,0.03311258058857082,0.0,0.0,0.0,0.0,0.033112569624144515,0
10,10,0,6.833333333333333,6,41.0,1.6666666666666667,1.6666666666666667,0.1463412492567084,0.24390237953600497,0.24390237953600497,0.0,2.777777777777778,0.24390208209451403,0.24390208209451403,2
3,1,0,68.25,4,273.0,0.75,0.25,0.014652012505199633,0.00366300352882771,0.01098901058648313,0.0,0.1875,0.010989009378899725,0.003663003126299908,1
6,8,0,30.142857142857142,7,211.0,0.8571428571428571,1.1428571428571428,0.03317534444419853,0.037914690146223215,0.02843601760966741,0.0,0.9795918367346937,0.028436009523598735,0.037914679364798316,1
1,4,0,28.0,6,168.0,0.16666666666666666,0.6666666666666666,0.03571427295918823,0.023809522392290332,0.005952380598072583,0.0,0.1111111111111111,0.005952378826531371,0.023809515306125482,1
0,2,0,64.25,4,257.0,0.0,0.5,0.015564199912186783,0.007782100864509695,0.0,0.0,0.0,0.0,0.007782099956093392,0
4,7,0,23.125,8,185.0,0.5,0.875,0.04324322454347047,0.037837835792549415,0.02162162045288538,0.0,0.4375,0.021621612271735233,0.03783782147553666,1
4,3,0,23.8,5,119.0,0.8,0.6,0.04201678906857602,0.025210081915119167,0.033613442553492225,0.0,0.48,0.03361343125486082,0.02521007344114561,1
0,1,0,62.6,5,313.0,0.0,0.2,0.015974438342741478,0.0031948880768406366,0.0,0.0,0.0,0.0,0.0031948876685482957,0
2,4,0,20.4,5,102.0,0.4,0.8,0.049019583813929506,0.03921568242983506,0.01960784121491753,0.0,0.32000000000000006,0.019607833525571803,0.039215667051143606,1
0,0,0,60.0,7,420.0,0.0,0.0,0.01666666388888935,0.0,0.0,0.0,0.0,0.0,0.0,0
8,7,0,4.5,6,27.0,1.3333333333333333,1.1666666666666667,0.22222172839615914,0.25925916323734693,0.29629618655696793,0.0,1.5555555555555556,0.2962956378615455,0.25925868312885236,2
1,5,0,69.2,5,346.0,0.2,1.0,0.014450864963747836,0.014450866634368018,0.0028901733268736035,0.0,0.2,0.0028901729927495673,0.014450864963747836,1
0,3,0,62.5,6,375.0,0.0,0.5,0.01599999744000041,0.007999999786666673,0.0,0.0,0.0,0.0,0.007999998720000205,0
3,4,0,31.0,4,124.0,0.75,1.0,0.03225805411030513,0.032258061914672426,0.02419354643600432,0.0,0.75,0.024193540582728844,0.03225805411030513,1
2,1,0,54.0,6,324.0,0.3333333333333333,0.16666666666666666,0.01851851508916387,0.003086419657826554,0.006172839315653108,0.0,0.05555555555555555,0.006172838363054623,0.0030864191815273114,1
6,9,0,4.4,5,22.0,1.2,1.8,0.22727221074497558,0.40909072314058037,0.27272714876038695,0.0,2.16,0.2727266528939707,0.40908997934095603,2
3,1,0,15.0,6,90.0,0.5,0.16666666666666666,0.06666662222225185,0.011111109876543346,0.03333332962963004,0.0,0.08333333333333333,0.033333311111125925,0.01111110370370864,1
0,0,0,49.0,7,343.0,0.0,0.0,0.020408159100375693,0.0,0.0,0.0,0.0,0.0,0.0,0
1,3,0,24.0,5,120.0,0.2,0.6,0.04166664930556279,0.02499999791666684,0.008333332638888946,0.0,0.12,0.008333329861112558,0.024999989583337674,1
4,4,0,8.0,4,32.0,1.0,1.0,0.12499984375019532,0.1249999609375122,0.1249999609375122,0.0,1.0,0.12499984375019532,0.12499984375019532,1
1,0,0,55.875,8,447.0,0.125,0.0,0.017897088519536728,0.0,0.0022371364152765903,0.0,0.0,0.002237136064942091,0.0,0
10,10,0,6.571428571428571,7,46.0,1.4285714285714286,1.4285714285714286,0.15217368147483254,0.21739125708885715,0.21739125708885715,0.0,2.0408163265306123,0.21739097353547507,0.21739097353547507,2
1,3,0,22.0,4,88.0,0.25,0.75,0.04545452479339782,0.03409090521694259,0.011363635072314197,0.0,0.1875,0.011363631198349456,0.03409089359504837,1
2,6,0,24.857142857142858,7,174.0,0.2857142857142857,0.8571428571428571,0.04022986887304126,0.03448275663892203,0.01149425221297401,0.0,0.24489795918367344,0.01149424824944036,0.034482744748321074,1
3,7,0,46.0,6,276.0,0.5,1.1666666666666667,0.021739125708885716,0.02536231792165515,0.010869564823566493,0.0,0.5833333333333334,0.010869562854442858,0.025362313327033335,1
11,7,0,5.5,8,44.0,1.375,0.875,0.18181785124027047,0.1590908729338925,0.24999994318183108,0.0,1.203125,0.2499995454553719,0.15909061983523667,2
2,8,0,21.25,8,170.0,0.25,1.0,0.04705880138409347,0.04705882076124584,0.01176470519031146,0.0,0.25,0.011764700346023367,0.04705880138409347,1
5,5,0,37.142857142857146,7,260.0,0.7142857142857143,0.7142857142857143,0.02692306967455816,0.01923076849112429,0.01923076849112429,0.0,0.5102040816326531,0.019230764053255828,0.019230764053255828,1
0,2,0,29.333333333333332,6,176.0,0.0,0.3333333333333333,0.03409089746901223,0.011363635717975244,0.0,0.0,0.0,0.0,0.011363632489670742,0
5,0,0,23.4,5,117.0,1.0,0.0,0.042735024472211766,0.0,0.04273503908247529,0.0,0.0,0.042735024472211766,0.0,0
3,6,0,33.8,5,169.0,0.6,1.2,0.029585790063375722,0.035502956479115,0.0177514782395575,0.0,0.72,0.017751474038025433,0.035502948076050866,1
3,5,0,23.833333333333332,6,143.0,0.5,0.8333333333333334,0.041958024353276495,0.034965032519927795,0.020979019511956676,0.0,0.4166666666666667,0.020979012176638247,0.03496502029439708,1
5,3,0,37.42857142857143,7,262.0,0.7142857142857143,0.42857142857142855,0.026717550113631645,0.011450381242351862,0.019083968737253102,0.0,0.30612244897959184,0.019083964366879747,0.011450378620127847,1
8,4,0,27.75,8,222.0,1.0,0.5,0.036036023050081786,0.01801801720639562,0.03603603441279124,0.0,0.5,0.036036023050081786,0.018018011525040893,1
1,1,0,56.0,5,280.0,0.2,0.2,0.017857139668367914,0.003571428443877556,0.003571428443877556,0.0,0.04000000000000001,0.003571427933673583,0.003571427933673583,0
0,4,0,30.4,5,152.0,0.0,0.8,0.032894726021471705,0.026315787742382385,0.0,0.0,0.0,0.0,0.026315780817177364,0
6,1,0,23.5,8,188.0,0.75,0.125,0.04255317338162835,0.005319148653236774,0.031914891919420645,0.0,0.09375,0.03191488003622126,0.005319146672703543,1
3,7,0,25.0,6,150.0,0.5,1.1666666666666667,0.0399999840000064,0.046666663555555765,0.019999998666666755,0.0,0.5833333333333334,0.0199999920000032,0.04666664800000747,1
2,0,0,22.75,4,91.0,0.5,0.0,0.043956024634714444,0.0,0.021978019562854993,0.0,0.0,0.021978012317357222,0.0,0
11,10,0,5.428571428571429,7,38.0,1.5714285714285714,1.4285714285714286,0.1842101869812345,0.2631578254847827,0.289473608033261,0.0,2.2448979591836733,0.28947315097051135,0.26315740997319215,2
1,0,0,10.625,8,85.0,0.125,0.0,0.09411755847759203,0.0,0.011764704498270058,0.0,0.0,0.011764694809699003,0.0,0
1,4,0,21.0,6,126.0,0.16666666666666666,0.6666666666666666,0.04761902494332146,0.031746029226505615,0.007936507306626404,0.0,0.1111111111111111,0.007936504157220243,0.03174601662888097,1
5,2,0,29.4,5,147.0,1.0,0.4,0.03401359387292725,0.013605441251330527,0.03401360312832632,0.0,0.4,0.03401359387292725,0.013605437549170901,1
4,5,0,26.75,4,107.0,1.0,1.25,0.03738316359507903,0.04672896759542359,0.03738317407633887,0.0,1.25,0.03738316359507903,0.04672895449384879,1
11,11,0,5.5,8,44.0,1.375,1.375,0.18181785124027047,0.24999994318183108,0.24999994318183108,0.0,1.890625,0.2499995454553719,0.2499995454553719,2
2,3,0,21.25,4,85.0,0.5,0.75,0.04705880138409347,0.035294113494810174,0.023529408996540116,0.0,0.375,0.023529400692046735,0.035294101038070104,1
4,5,0,28.428571428571427,7,199.0,0.5714285714285714,0.7142857142857143,0.035175867023564365,0.0251256268781092,0.02010050150248736,0.0,0.40816326530612246,0.020100495442036778,0.025125619302545976,1
0,0,0,8.0,4,32.0,0.0,0.0,0.12499984375019532,0.0,0.0,0.0,0.0,0.0,0.0,0
8,10,0,6.142857142857143,7,43.0,1.1428571428571428,1.4285714285714286,0.1627904326667375,0.23255808545160803,0.1860464683612864,0.0,1.6326530612244898,0.18604620876198572,0.23255776095248215,2
4,4,0,56.5,6,339.0,0.6666666666666666,0.6666666666666666,0.017699111911661607,0.011799409681433344,0.011799409681433344,0.0,0.4444444444444444,0.011799407941107738,0.011799407941107738,1
8,7,0,7.0,5,35.0,1.6,1.4,0.14285693877580175,0.19999994285715916,0.22857136326532476,0.0,2.2399999999999998,0.2285711020412828,0.19999971428612243,2
0,1,0,8.75,4,35.0,0.0,0.25,0.11428558367361866,0.028571420408165595,0.0,0.0,0.0,0.0,0.028571395918404664,0
7,5,0,60.0,8,480.0,0.875,0.625,0.01666666388888935,0.010416666449652784,0.014583333029513895,0.0,0.546875,0.01458333090277818,0.010416664930555843,1
0,5,0,30.0,6,180.0,0.0,0.8333333333333334,0.033333322222225924,0.027777776234567987,0.0,0.0,0.0,0.0,0.027777768518521605,0
8,7,0,6.4,5,32.0,1.6,1.4,0.15624975585975648,0.21874993164064635,0.2499999218750244,0.0,2.2399999999999998,0.2499996093756104,0.21874965820365905,2
3,4,0,24.25,4,97.0,0.75,1.0,0.04123709639707365,0.04123710915081349,0.030927831863110117,0.0,0.75,0.03092782229780524,0.04123709639707365,1
3,4,0,22.0,6,132.0,0.5,0.6666666666666666,0.04545452479339782,0.030303028007346362,0.022727271005509773,0.0,0.3333333333333333,0.02272726239669891,0.03030301652893188,1
0,1,0,55.5,8,444.0,0.0,0.125,0.018018014771528867,0.0022522522015258513,0.0,0.0,0.0,0.0,0.0022522518464411084,0
5,7,0,4.25,4,17.0,1.25,1.75,0.2352935640151435,0.41176446366796254,0.29411747404854466,0.0,2.1875,0.29411695501892937,0.41176373702650115,2
4,1,0,47.0,4,188.0,1.0,0.25,0.021276591217746547,0.005319148653236774,0.021276594612947095,0.0,0.25,0.021276591217746547,0.005319147804436637,1
8,4,0,41.142857142857146,7,288.0,1.1428571428571428,0.5714285714285714,0.02430554964795668,0.01388888840663582,0.02777777681327164,0.0,0.6530612244897959,0.027777771026236204,0.013888885513118102,1
3,6,0,18.0,8,144.0,0.375,0.75,0.055555524691375174,0.04166666377314835,0.020833331886574175,0.0,0.28125,0.02083332175926569,0.04166664351853138,1
3,5,0,72.2,5,361.0,0.6,1.0,0.01385041359412554,0.013850415128797366,0.00831024907727842,0.0,0.6,0.008310248156475323,0.01385041359412554,1
1,2,0,74.5,4,298.0,0.25,0.5,0.013422816990225907,0.006711409170758082,0.003355704585379041,0.0,0.125,0.0033557042475564768,0.0067114084951129535,0
0,1,0,56.4,5,282.0,0.0,0.2,0.01773049331019622,0.0035460991650319447,0.0,0.0,0.0,0.0,0.003546098662039244,0
0,4,0,27.0,4,108.0,0.0,1.0,0.03703702331962099,0.037037033607682075,0.0,0.0,0.0,0.0,0.03703702331962099,0
13,13,0,6.25,8,50.0,1.625,1.625,0.15999974400040962,0.25999994800001036,0.25999994800001036,0.0,2.640625,0.25999958400066564,0.25999958400066564,2
1,4,0,25.25,4,101.0,0.25,1.0,0.03960394471130903,0.039603956474855796,0.009900989118713949,0.0,0.25,0.009900986177827257,0.03960394471130903,1
0,0,0,68.25,8,546.0,0.0,0.0,0.014652012505199633,0.0,0.0,0.0,0.0,0.0,0.0,0
1,0,0,56.285714285714285,7,394.0,0.14285714285714285,0.0,0.017766494305445173,0.0,0.002538071001571802,0.0,0.0,0.002538070615063596,0.0,0
1,0,0,49.833333333333336,6,299.0,0.16666666666666666,0.0,0.020066885605307234,0.0,0.0033444814934956023,0.0,0.0,0.0033444809342178723,0.0,0
0,1,0,58.5,8,468.0,0.0,0.125,0.01709401417196339,0.002136752091095041,0.0,0.0,0.0,0.0,0.0021367517714954236,0
2,3,0,53.5,4,214.0,0.5,0.75,0.01869158529129247,0.014018690933706031,0.00934579395580402,0.0,0.375,0.009345792645646235,0.014018688968469351,1
12,13,0,5.875,8,47.0,1.5,1.625,0.170212476234083,0.27659568583070515,0.2553190946129586,0.0,2.4375,0.2553187143511245,0.2765952738803849,2
6,3,0,26.5,8,212.0,0.75,0.375,0.037735834816666106,0.014150942728729117,0.028301885457458233,0.0,0.28125,0.02830187611249958,0.01415093805624979,1
6,1,0,24.666666666666668,6,148.0,1.0,0.16666666666666666,0.04054052410519293,0.006756756300219169,0.040540537801315016,0.0,0.16666666666666666,0.04054052410519293,0.006756754017532155,1
2,7,0,67.57142857142857,7,473.0,0.2857142857142857,1.0,0.014799152143888689,0.014799154021159536,0.004228329720331296,0.0,0.2857142857142857,0.004228329183968197,0.014799152143888689,1
0,2,0,49.666666666666664,6,298.0,0.0,0.3333333333333333,0.02013422413404883,0.006711409170758082,0.0,0.0,0.0,0.0,0.006711408044682943,0
3,4,0,56.0,4,224.0,0.75,1.0,0.017857139668367914,0.017857142059949014,0.013392856544961761,0.0,0.75,0.013392854751275936,0.017857139668367914,1
3,4,0,29.0,5,145.0,0.6,0.8,0.03448274673008733,0.027586204994054828,0.02068965374554112,0.0,0.48,0.0206896480380524,0.027586197384069866,1
2,3,0,22.8,5,114.0,0.4,0.6,0.043859629886127245,0.026315787165281827,0.017543858110187886,0.0,0.24,0.0175438519544509,0.026315777931676346,1
0,4,0,17.5,4,70.0,0.0,1.0,0.05714282448981458,0.057142848979593,0.0,0.0,0.0,0.0,0.05714282448981458,0
3,9,0,25.75,8,206.0,0.375,1.125,0.03883493637478199,0.04368931826750882,0.014563106089169607,0.0,0.421875,0.014563101140543246,0.04368930342162974,1
1,6,0,28.166666666666668,6,169.0,0.16666666666666666,1.0,0.03550294597528545,0.035502956479115,0.005917159413185834,0.0,0.16666666666666666,0.005917157662547575,0.03550294597528545,1
2,2,0,50.25,8,402.0,0.25,0.25,0.019900493552140585,0.004975124254350143,0.004975124254350143,0.0,0.0625,0.004975123388035146,0.004975123388035146,1
0,0,0,61.0,5,305.0,0.0,0.0,0.016393439935501648,0.0,0.0,0.0,0.0,0.0,0.0,0
1,0,0,53.2,5,266.0,0.2,0.0,0.018796988947934405,0.0,0.0037593983549098365,0.0,0.0,0.0037593977895868814,0.0,0
4,0,0,27.6,5,138.0,0.8,0.0,0.036231870930481545,0.0,0.028985505145977888,0.0,0.0,0.028985496744385237,0.0,0
2,0,0,10.571428571428571,7,74.0,0.2857142857142857,0.0,0.09459450511330598,0.0,0.02702702337472657,0.0,0.0,0.027027001460944566,0.0,0
5,3,0,59.0,8,472.0,0.625,0.375,0.01694914966963565,0.006355932068730253,0.010593220114550422,0.0,0.234375,0.01059321854352228,0.0063559311261133684,1
6,5,0,20.428571428571427,7,143.0,0.8571428571428571,0.7142857142857143,0.04895102498900875,0.034965032519927795,0.04195803902391335,0.0,0.6122448979591837,0.04195802141915036,0.034965017849291964,1
0,3,0,55.285714285714285,7,387.0,0.0,0.42857142857142855,0.01808785202545312,0.0077519377841876545,0.0,0.0,0.0,0.0,0.007751936582337051,0
7,2,0,23.285714285714285,7,163.0,1.0,0.2857142857142857,0.042944766833535715,0.012269937897549823,0.04294478264142438,0.0,0.2857142857142857,0.042944766833535715,0.012269933381010203,1
2,2,0,27.2,5,136.0,0.4,0.4,0.036764692365921926,0.014705881271626376,0.014705881271626376,0.0,0.16000000000000003,0.014705876946368771,0.014705876946368771,1
2,6,0,37.5,6,225.0,0.3333333333333333,1.0,0.02666665955555745,0.026666665481481534,0.008888888493827178,0.0,0.3333333333333333,0.00888888651851915,0.02666665955555745,1
4,5,0,68.625,8,549.0,0.5,0.625,0.01457194687476184,0.009107467957969618,0.007285974366375695,0.0,0.3125,0.00728597343738092,0.00910746679672615,1
0,1,0,71.5,4,286.0,0.0,0.25,0.013986012029928387,0.003496503374248134,0.0,0.0,0.0,0.0,0.0034965030074820967,0
4,4,0,47.5,6,285.0,0.6666666666666666,0.6666666666666666,0.021052627146815335,0.014035087226839046,0.014035087226839046,0.0,0.4444444444444444,0.014035084764543557,0.014035084764543557,1
0,0,0,9.8,5,49.0,0.0,0.0,0.1020407122033549,0.0,0.0,0.0,0.0,0.0,0.0,0
3,3,0,70.28571428571429,7,492.0,0.42857142857142855,0.42857142857142855,0.014227640252165002,0.006097560851675593,0.006097560851675593,0.0,0.18367346938775508,0.006097560108070715,0.006097560108070715,1
2,5,0,20.25,4,81.0,0.5,1.25,0.049382691662868315,0.06172838744093982,0.024691354976375927,0.0,0.625,0.024691345831434158,0.061728364578585396,1
0,0,0,54.8,5,274.0,0.0,0.0,0.018248171852523386,0.0,0.0,0.0,0.0,0.0,0.0,0
5,5,0,46.6,5,233.0,1.0,1.0,0.02145922286282771,0.02145922654681431,0.02145922654681431,0.0,1.0,0.02145922286282771,0.02145922286282771,1
0,0,0,53.2,5,266.0,0.0,0.0,0.018796988947934405,0.0,0.0,0.0,0.0,0.0,0.0,0
3,3,0,32.5,4,130.0,0.75,0.75,0.030769221301778057,0.023076921301775286,0.023076921301775286,0.0,0.5625,0.02307691597633354,0.02307691597633354,1
5,0,0,22.8,5,114.0,1.0,0.0,0.043859629886127245,0.0,0.04385964527546971,0.0,0.0,0.043859629886127245,0.0,0
3,3,0,71.4,5,357.0,0.6,0.6,0.01400560027932769,0.008403361109149549,0.008403361109149549,0.0,0.36,0.008403360167596614,0.008403360167596614,1
1,0,0,10.0,5,50.0,0.2,0.0,0.0999999000001,0.0,0.019999996000000797,0.0,0.0,0.019999980000020002,0.0,0
0,0,0,47.857142857142854,7,335.0,0.0,0.0,0.020895518021832055,0.0,0.0,0.0,0.0,0.0,0.0,0
1,2,0,59.4,5,297.0,0.2,0.4,0.016835014000839393,0.006734006507272509,0.0033670032536362543,0.0,0.08000000000000002,0.003367002800167879,0.006734005600335758,0
0,0,0,59.625,8,477.0,0.0,0.0,0.016771485656773895,0.0,0.0,0.0,0.0,0.0,0.0,0
0,4,0,56.5,8,452.0,0.0,0.5,0.017699111911661607,0.008849557326337227,0.0,0.0,0.0,0.0,0.008849555955830804,0
4,5,0,32.125,8,257.0,0.5,0.625,0.031128394979487942,0.019455252161274236,0.01556420172901939,0.0,0.3125,0.015564197489743971,0.019455246862179965,1
1,2,0,55.375,8,443.0,0.125,0.25,0.018058687483758468,0.004514672584318903,0.0022573362921594516,0.0,0.03125,0.0022573359354698085,0.004514671870939617,0
0,1,0,7.5,6,45.0,0.0,0.16666666666666666,0.1333331555557926,0.022222217283951712,0.0,0.0,0.0,0.0,0.022222192592632098,0
1,0,0,9.75,8,78.0,0.125,0.0,0.1025639973702591,0.0,0.01282051117685754,0.0,0.0,0.012820499671282388,0.0,0
6,5,0,59.75,8,478.0,0.75,0.625,0.016736398872569225,0.010460250827191406,0.012552300992629687,0.0,0.46875,0.012552299154426919,0.010460249295355765,1
0,0,0,47.857142857142854,7,335.0,0.0,0.0,0.020895518021832055,0.0,0.0,0.0,0.0,0.0,0.0,0
3,3,0,53.375,8,427.0,0.375,0.375,0.01873535948752047,0.007025760959584053,0.007025760959584053,0.0,0.140625,0.007025759807820176,0.007025759807820176,1
1,1,0,59.625,8,477.0,0.125,0.125,0.016771485656773895,0.0020964360147497692,0.0020964360147497692,0.0,0.015625,0.002096435707096737,0.002096435707096737,0
0,2,0,23.25,4,93.0,0.0,0.5,0.04301073418893153,0.02150537403168021,0.0,0.0,0.0,0.0,0.021505367094465766,0
0,0,0,54.0,4,216.0,0.0,0.0,0.01851851508916387,0.0,0.0,0.0,0.0,0.0,0.0,0
12,14,0,6.125,8,49.0,1.5,1.75,0.16326503956728236,0.2857142274052597,0.2448979092045083,0.0,2.625,0.24489755935092355,0.28571381924274414,2
1,3,0,23.0,5,115.0,0.2,0.6,0.043478241965981754,0.026086954253308325,0.008695651417769441,0.0,0.12,0.00869564839319635,0.026086945179589052,1
3,3,0,28.5,6,171.0,0.5,0.5,0.03508770698676948,0.017543858623166163,0.017543858623166163,0.0,0.25,0.01754385349338474,0.01754385349338474,1
0,2,0,43.333333333333336,6,260.0,0.0,0.3333333333333333,0.023076917751480516,0.007692307396449717,0.0,0.0,0.0,0.0,0.007692305917160172,0
6,1,0,24.285714285714285,7,170.0,0.8571428571428571,0.14285714285714285,0.041176453633224974,0.00588235259515573,0.03529411557093438,0.0,0.12244897959183672,0.035294103114192836,0.005882350519032139,1
0,1,0,50.4,5,252.0,0.0,0.2,0.019841265904510734,0.003968253810783579,0.0,0.0,0.0,0.0,0.003968253180902147,0
0,1,0,60.5,6,363.0,0.0,0.16666666666666666,0.01652892288778134,0.002754820860748737,0.0,0.0,0.0,0.0,0.0027548204812968898,0
8,1,0,22.75,8,182.0,1.0,0.125,0.043956024634714444,0.005494505192609605,0.04395604154087684,0.0,0.125,0.043956024634714444,0.0054945030793393055,1
1,1,0,11.5,4,46.0,0.25,0.25,0.08695644612482946,0.021739125708885716,0.021739125708885716,0.0,0.0625,0.021739111531207365,0.021739111531207365,0
3,9,0,24.5,8,196.0,0.375,1.125,0.04081630987089393,0.04591836500416505,0.015306121668055016,0.0,0.421875,0.015306116201585222,0.04591834860475567,1
11,10,0,5.285714285714286,7,37.0,1.5714285714285714,1.4285714285714286,0.1891888312643733,0.270270197224271,0.2972972169466981,0.0,2.2448979591836733,0.2972967348440152,0.2702697589491047,2
7,9,0,7.0,5,35.0,1.4,1.8,0.14285693877580175,0.25714278367349036,0.19999994285715916,0.0,2.52,0.19999971428612243,0.25714248979644316,2
3,5,0,43.8,5,219.0,0.6,1.0,0.022831045015743148,0.02283104918579684,0.013698629511478105,0.0,0.6,0.013698627009445888,0.022831045015743148,1
2,2,0,27.0,5,135.0,0.4,0.4,0.03703702331962099,0.014814813717421205,0.014814813717421205,0.0,0.16000000000000003,0.014814809327848398,0.014814809327848398,1
2,0,0,49.0,7,343.0,0.2857142857142857,0.0,0.020408159100375693,0.0,0.0058309036200902735,0.0,0.0,0.00583090260010734,0.0,0
2,0,0,10.125,8,81.0,0.25,0.0,0.098765334552756,0.0,0.024691354976375927,0.0,0.0,0.024691333638189,0.0,0
2,0,0,9.25,8,74.0,0.25,0.0,0.10810799123460407,0.0,0.02702702337472657,0.0,0.0,0.027026997808651018,0.0,0
2,2,0,19.285714285714285,7,135.0,0.2857142857142857,0.2857142857142857,0.05185182496572039,0.014814813717421205,0.014814813717421205,0.0,0.08163265306122448,0.014814807133062968,0.014814807133062968,1
1,8,0,27.875,8,223.0,0.125,1.0,0.03587442659213396,0.03587443785316422,0.004484304731645528,0.0,0.125,0.004484303324016745,0.03587442659213396,1
3,1,0,22.666666666666668,6,136.0,0.5,0.16666666666666666,0.04411762759516429,0.007352940635813188,0.022058821907439564,0.0,0.08333333333333333,0.022058813797582146,0.007352937932527382,1
6,1,0,22.4,5,112.0,1.2,0.2,0.04464283721301911,0.008928570631377622,0.05357142378826573,0.0,0.24,0.05357140465562293,0.008928567442603822,1
4,5,0,30.625,8,245.0,0.5,0.625,0.032653050562269206,0.0204081624323199,0.01632652994585592,0.0,0.3125,0.016326525281134603,0.020408156601418252,1
2,6,0,26.833333333333332,6,161.0,0.3333333333333333,1.0,0.03726706685699372,0.037267078430616246,0.012422359476872083,0.0,0.3333333333333333,0.012422355618997906,0.03726706685699372,1
1,2,0,50.5,6,303.0,0.16666666666666666,0.3333333333333333,0.01980197627683638,0.006600659848163042,0.003300329924081521,0.0,0.05555555555555555,0.0033003293794727296,0.006600658758945459,0
0,0,0,52.666666666666664,6,316.0,0.0,0.0,0.018987338166961108,0.0,0.0,0.0,0.0,0.0,0.0,0
5,6,0,46.714285714285715,7,327.0,0.7142857142857143,0.8571428571428571,0.021406723246267193,0.018348623292091033,0.01529051941007586,0.0,0.6122448979591837,0.015290516604476567,0.01834861992537188,1
6,4,0,47.714285714285715,7,334.0,0.8571428571428571,0.5714285714285714,0.02095807943992347,0.01197604754562732,0.01796407131844098,0.0,0.48979591836734687,0.017964068091362972,0.011976045394241982,1
1,4,0,23.428571428571427,7,164.0,0.14285714285714285,0.5714285714285714,0.04268290861095365,0.02439024241522912,0.00609756060380728,0.0,0.08163265306122448,0.006097558372993378,0.02439023349197351,1
0,1,0,9.125,8,73.0,0.0,0.125,0.10958892099844275,0.013698628260461882,0.0,0.0,0.0,0.0,0.013698615124805344,0
0,1,0,11.0,7,77.0,0.0,0.14285714285714285,0.09090900826453795,0.012987011300388143,0.0,0.0,0.0,0.0,0.012987001180648277,0
1,3,0,19.0,4,76.0,0.25,0.75,0.05263155124655198,0.03947367901662118,0.013157893005540393,0.0,0.1875,0.013157887811637995,0.039473663434913986,1
2,2,0,63.6,5,318.0,0.4,0.4,0.015723267968039627,0.006289307978323649,0.006289307978323649,0.0,0.16000000000000003,0.006289307187215851,0.006289307187215851,1
0,1,0,59.57142857142857,7,417.0,0.0,0.14285714285714285,0.016786567925516176,0.002398081477264233,0.0,0.0,0.0,0.0,0.0023980811322165964,0
6,7,0,35.5,8,284.0,0.75,0.875,0.02816900614957573,0.02464788645606034,0.02112675981948029,0.0,0.65625,0.021126754612181796,0.024647880380878763,1
0,6,0,29.142857142857142,7,204.0,0.0,0.8571428571428571,0.03431371371588255,0.02941176326412925,0.0,0.0,0.0,0.0,0.029411754613613613,0
6,2,0,26.333333333333332,6,158.0,1.0,0.3333333333333333,0.03797466912354337,0.012658227046947655,0.037974681140842965,0.0,0.3333333333333333,0.03797466912354337,0.012658223041181124,1
3,3,0,25.25,8,202.0,0.375,0.375,0.03960394471130903,0.014851484413292851,0.014851484413292851,0.0,0.140625,0.014851479266740885,0.014851479266740885,1
2,3,0,27.6,5,138.0,0.4,0.6,0.036231870930481545,0.021739128859483415,0.014492752572988944,0.0,0.24,0.014492748372192618,0.021739122558288925,1
6,1,0,26.666666666666668,6,160.0,1.0,0.16666666666666666,0.037499985937505274,0.006249999609375024,0.037499997656250145,0.0,0.16666666666666666,0.037499985937505274,0.0062499976562508785,1
0,1,0,56.8,5,284.0,0.0,0.2,0.01760563070323403,0.0035211266365800485,0.0,0.0,0.0,0.0,0.003521126140646806,0
2,4,0,15.25,4,61.0,0.5,1.0,0.0655737274926377,0.06557375974200659,0.032786879871003295,0.0,0.5,0.03278686374631885,0.0655737274926377,1
11,7,0,6.333333333333333,6,38.0,1.8333333333333333,1.1666666666666667,0.1578944875350197,0.1842104778393479,0.289473608033261,0.0,2.138888888888889,0.2894732271475361,0.184210235457523,2
9,9,0,5.4,5,27.0,1.8,1.8,0.18518484225029214,0.33333320987658893,0.33333320987658893,0.0,3.24,0.33333271605052583,0.33333271605052583,2
4,6,0,37.857142857142854,7,265.0,0.5714285714285714,0.8571428571428571,0.026415087362052395,0.022641508579565716,0.01509433905304381,0.0,0.48979591836734687,0.01509433563545851,0.022641503453187765,1
0,1,0,62.666666666666664,6,376.0,0.0,0.16666666666666666,0.015957444262109956,0.002659574397351745,0.0,0.0,0.0,0.0,0.0026595740436849927,0
1,3,0,28.5,4,114.0,0.25,0.75,0.03508770698676948,0.026315787165281827,0.008771929055093943,0.0,0.1875,0.00877192674669237,0.02631578024007711,1
4,8,0,32.5,8,260.0,0.5,1.0,0.030769221301778057,0.030769229585798866,0.015384614792899433,0.0,0.5,0.015384610650889028,0.030769221301778057,1
3,4,0,24.4,5,122.0,0.6,0.8,0.04098358976082387,0.032786882558452246,0.024590161918839188,0.0,0.48,0.02459015385649432,0.0327868718086591,1
6,8,0,6.0,5,30.0,1.2,1.6,0.16666638888935187,0.2666665777778074,0.19999993333335556,0.0,1.92,0.19999966666722224,0.266666222222963,2
2,8,0,23.25,8,186.0,0.25,1.0,0.04301073418893153,0.043010750375766106,0.010752687593941527,0.0,0.25,0.010752683547232883,0.04301073418893153,1
0,3,0,32.75,4,131.0,0.0,0.75,0.030534341821575012,0.022900761610628883,0.0,0.0,0.0,0.0,0.02290075636618126,0
0,0,0,56.5,4,226.0,0.0,0.0,0.017699111911661607,0.0,0.0,0.0,0.0,0.0,0.0,0
1,5,0,27.4,5,137.0,0.2,1.0,0.03649633704513247,0.036496347700996516,0.007299269540199303,0.0,0.2,0.007299267409026495,0.03649633704513247,1
2,3,0,24.5,6,147.0,0.3333333333333333,0.5,0.04081630987089393,0.02040816187699579,0.013605441251330527,0.0,0.16666666666666666,0.013605436623631308,0.020408154935446964,1
2,5,0,50.25,4,201.0,0.5,1.25,0.019900493552140585,0.024875620652954195,0.009950248261181679,0.0,0.625,0.009950246776070292,0.024875616940175732,1
3,4,0,25.166666666666668,6,151.0,0.5,0.6666666666666666,0.03973508354897342,0.026490064470856656,0.019867548353142493,0.0,0.3333333333333333,0.01986754177448671,0.02649005569931561,1
1,3,0,26.75,4,107.0,0.25,0.75,0.03738316359507903,0.028037380557254153,0.009345793519084718,0.0,0.1875,0.009345790898769758,0.028037372696309272,1
6,3,0,68.85714285714286,7,482.0,0.8571428571428571,0.42857142857142855,0.014522819467640325,0.006224066260911489,0.012448132521822978,0.0,0.36734693877551017,0.012448130972263135,0.006224065486131567,1
0,0,0,64.5,4,258.0,0.0,0.0,0.01550387356529092,0.0,0.0,0.0,0.0,0.0,0.0,0
7,8,0,56.875,8,455.0,0.875,1.0,0.017582414491004044,0.01758241719599083,0.015384615046491978,0.0,0.875,0.015384612679628538,0.017582414491004044,1
6,8,0,5.8,5,29.0,1.2,1.6,0.1724134958388003,0.27586197384069866,0.20689648038052402,0.0,1.92,0.20689619500656037,0.2758615933420805,2
3,4,0,69.8,5,349.0,0.6,0.8,0.014326645511941904,0.011461317723171412,0.00859598829237856,0.0,0.48,0.008595987307165142,0.011461316409553524,1
1,0,0,66.0,4,264.0,0.25,0.0,0.015151512855831386,0.0,0.0037878786443985364,0.0,0.0,0.0037878782139578464,0.0,0
3,1,0,46.0,4,184.0,0.75,0.25,0.021739125708885716,0.005434782313327048,0.016304346939981146,0.0,0.1875,0.016304344281664288,0.005434781427221429,1
0,0,0,61.0,4,244.0,0.0,0.0,0.016393439935501648,0.0,0.0,0.0,0.0,0.0,0.0,0
3,4,0,52.25,4,209.0,0.75,1.0,0.01913875231794214,0.019138755065131335,0.014354066298848502,0.0,0.75,0.014354064238456605,0.01913875231794214,1
9,1,0,26.125,8,209.0,1.125,0.125,0.038277497310048876,0.004784688766282834,0.04306219889654551,0.0,0.140625,0.043062184473804985,0.0047846871637561095,1
0,6,0,19.4,5,97.0,0.0,1.2,0.051546365182285996,0.061855663726220235,0.0,0.0,0.0,0.0,0.061855638218743195,0
5,2,0,18.666666666666668,6,112.0,0.8333333333333334,0.3333333333333333,0.05357139987246435,0.017857141262755245,0.04464285315688811,0.0,0.2777777777777778,0.044642833227053626,0.017857133290821448,1
2,1,0,10.142857142857142,7,71.0,0.2857142857142857,0.14285714285714285,0.09859145209293456,0.014084505058520413,0.028169010117040826,0.0,0.04081632653061224,0.028168986312267014,0.014084493156133507,1
4,1,0,11.375,8,91.0,0.5,0.125,0.08791201062680384,0.010989009781427497,0.043956039125709986,0.0,0.0625,0.04395600531340192,0.01098900132835048,1
2,3,0,9.75,8,78.0,0.25,0.375,0.1025639973702591,0.03846153353057262,0.02564102235371508,0.0,0.09375,0.025640999342564776,0.03846149901384716,1
2,1,0,7.5,4,30.0,0.5,0.25,0.1333331555557926,0.033333322222225924,0.06666664444445185,0.0,0.125,0.0666665777778963,0.03333328888894815,1
2,3,0,25.833333333333332,6,155.0,0.3333333333333333,0.5,0.038709662434969386,0.019354837460978228,0.012903224973985486,0.0,0.16666666666666666,0.01290322081165646,0.019354831217484693,1
3,9,0,57.285714285714285,7,401.0,0.42857142857142855,1.2857142857142858,0.017456356055000188,0.02244388971461622,0.007481296571538739,0.0,0.5510204081632654,0.0074812954521429375,0.022443886356428813,1
2,1,0,12.625,8,101.0,0.25,0.125,0.07920785805318174,0.009900989118713949,0.019801978237427898,0.0,0.03125,0.019801964513295436,0.009900982256647718,1
6,2,0,22.25,8,178.0,0.75,0.25,0.04494380002525842,0.01123595442494638,0.03370786327483914,0.0,0.1875,0.033707850018943816,0.011235950006314605,1
5,7,0,43.75,8,350.0,0.625,0.875,0.022857137632654255,0.019999999428571447,0.014285713877551034,0.0,0.546875,0.01428571102040891,0.019999995428572472,1
7,6,0,6.0,5,30.0,1.4,1.2,0.16666638888935187,0.19999993333335556,0.2333332555555815,0.0,1.68,0.2333329444450926,0.19999966666722224,2
0,0,0,48.2,5,241.0,0.0,0.0,0.020746883662472265,0.0,0.0,0.0,0.0,0.0,0.0,0
3,2,0,30.75,4,123.0,0.75,0.5,0.03252031462753996,0.016260161279661685,0.024390241919492527,0.0,0.375,0.02439023597065497,0.01626015731376998,1
1,1,0,57.166666666666664,6,343.0,0.16666666666666666,0.16666666666666666,0.017492708310313416,0.0029154518100451368,0.0029154518100451368,0.0,0.027777777777777776,0.002915451385052236,0.002915451385052236,0
0,1,0,8.5,6,51.0,0.0,0.16666666666666666,0.11764692041538775,0.01960783929258053,0.0,0.0,0.0,0.0,0.019607820069231292,0
5,1,0,27.0,7,189.0,0.7142857142857143,0.14285714285714285,0.03703702331962099,0.0052910050110579355,0.02645502505528968,0.0,0.10204081632653061,0.026455016656872138,0.005291003331374427,1
0,1,0,62.25,4,249.0,0.0,0.25,0.016064254447509325,0.004016064095740398,0.0,0.0,0.0,0.0,0.004016063611877331,0
0,1,0,57.2,5,286.0,0.0,0.2,0.01748251442613384,0.003496503374248134,0.0,0.0,0.0,0.0,0.0034965028852267685,0
0,0,0,61.4,5,307.0,0.0,0.0,0.01628664229859246,0.0,0.0,0.0,0.0,0.0,0.0,0
2,4,0,25.0,6,150.0,0.3333333333333333,0.6666666666666666,0.0399999840000064,0.026666664888889007,0.013333332444444504,0.0,0.2222222222222222,0.013333328000002132,0.026666656000004264,1
1,4,0,29.5,4,118.0,0.25,1.0,0.033898293593798784,0.033898302212008284,0.008474575553002071,0.0,0.25,0.008474573398449696,0.033898293593798784,1
2,5,0,29.571428571428573,7,207.0,0.2857142857142857,0.7142857142857143,0.03381641368527073,0.024154588205092357,0.009661835282036943,0.0,0.20408163265306123,0.009661832481505922,0.02415458120376481,1
1,0,0,9.625,8,77.0,0.125,0.0,0.10389599595221201,0.0,0.012987011300388143,0.0,0.0,0.012986999494026501,0.0,0
0,0,0,57.42857142857143,7,402.0,0.0,0.0,0.017412932291280447,0.0,0.0,0.0,0.0,0.0,0.0,0
3,7,0,29.166666666666668,6,175.0,0.5,1.1666666666666667,0.034285702530616274,0.03999999771428584,0.01714285616326536,0.0,0.5833333333333334,0.017142851265308137,0.03999998628571899,1
1,1,0,55.5,6,333.0,0.16666666666666666,0.16666666666666666,0.018018014771528867,0.0030030029128227356,0.0030030029128227356,0.0,0.027777777777777776,0.003003002461921478,0.003003002461921478,0
1,0,0,53.2,5,266.0,0.2,0.0,0.018796988947934405,0.0,0.0037593983549098365,0.0,0.0,0.0037593977895868814,0.0,0
0,3,0,28.4,5,142.0,0.0,0.6,0.035211255207304504,0.021126759075580346,0.0,0.0,0.0,0.0,0.0211267531243827,0
0,1,0,55.5,8,444.0,0.0,0.125,0.018018014771528867,0.0022522522015258513,0.0,0.0,0.0,0.0,0.0022522518464411084,0
6,4,0,25.875,8,207.0,0.75,0.5,0.03864732805900365,0.019323670564073886,0.02898550584611083,0.0,0.375,0.02898549604425274,0.019323664029501825,1
1,2,0,55.2,5,276.0,0.2,0.4,0.018115938747112544,0.007246376549044329,0.0036231882745221644,0.0,0.08000000000000002,0.003623187749422509,0.007246375498845018,0
4,6,0,5.25,4,21.0,1.0,1.5,0.19047582766509016,0.28571414965992875,0.19047609977328583,0.0,1.5,0.19047582766509016,0.28571374149763523,2
0,6,0,26.0,7,182.0,0.0,0.8571428571428571,0.03846152366864474,0.032967031155657626,0.0,0.0,0.0,0.0,0.032967020287409776,0
2,5,0,51.0,6,306.0,0.3333333333333333,0.8333333333333334,0.01960783929258053,0.016339868747063113,0.006535947498825245,0.0,0.2777777777777778,0.0065359464308601765,0.016339866077150444,1
1,1,0,12.666666666666666,6,76.0,0.16666666666666666,0.16666666666666666,0.07894730609423203,0.013157893005540393,0.013157893005540393,0.0,0.027777777777777776,0.013157884349038671,0.013157884349038671,0
2,3,0,37.75,4,151.0,0.5,0.75,0.02649005920793133,0.019867548353142493,0.013245032235428328,0.0,0.375,0.013245029603965666,0.019867544405948498,1
5,3,0,21.25,8,170.0,0.625,0.375,0.04705880138409347,0.01764705778546719,0.029411762975778646,0.0,0.234375,0.029411750865058418,0.017647050519035052,1
2,3,0,28.25,4,113.0,0.5,0.75,0.035398217558153075,0.026548670216931837,0.01769911347795456,0.0,0.375,0.017699108779076538,0.026548663168614806,1
2,1,0,11.875,8,95.0,0.25,0.125,0.08421045540172177,0.010526314681440559,0.021052629362881117,0.0,0.03125,0.021052613850430443,0.010526306925215221,1
4,2,0,25.125,8,201.0,0.5,0.25,0.039800979183689876,0.009950248261181679,0.019900496522363358,0.0,0.125,0.019900489591844938,0.009950244795922469,1
1,1,0,42.142857142857146,7,295.0,0.14285714285714285,0.14285714285714285,0.023728807928757437,0.0033898303935650715,0.0033898303935650715,0.0,0.02040816326530612,0.003389829704108205,0.003389829704108205,0
3,2,0,76.8,5,384.0,0.6,0.4,0.013020831637912548,0.005208333197699657,0.007812499796549485,0.0,0.24,0.0078124989827475285,0.005208332655165019,1
0,1,0,55.6,5,278.0,0.0,0.2,0.017985608275969733,0.00359712217276539,0.0,0.0,0.0,0.0,0.003597121655193947,0
5,1,0,29.714285714285715,7,208.0,0.7142857142857143,0.14285714285714285,0.033653834828036355,0.004807692076553265,0.024038460382766327,0.0,0.10204081632653061,0.024038453448597397,0.004807690689719479,1
1,2,0,22.25,4,89.0,0.25,0.5,0.04494380002525842,0.022471907587426114,0.011235953793713057,0.0,0.125,0.011235950006314605,0.02247190001262921,1
12,12,0,5.25,8,42.0,1.5,1.5,0.19047582766509016,0.285714217687091,0.285714217687091,0.0,2.25,0.28571374149763523,0.28571374149763523,2
5,4,0,28.428571428571427,7,199.0,0.7142857142857143,0.5714285714285714,0.035175867023564365,0.02010050150248736,0.0251256268781092,0.0,0.40816326530612246,0.025125619302545976,0.020100495442036778,1
11,11,0,5.571428571428571,7,39.0,1.5714285714285714,1.5714285714285714,0.17948685733128172,0.282051209730459,0.282051209730459,0.0,2.4693877551020407,0.28205077580629984,0.28205077580629984,2
2,6,0,19.875,8,159.0,0.25,0.75,0.05031444009336348,0.03773584668328008,0.01257861556109336,0.0,0.1875,0.01257861002334087,0.03773583007002261,1
10,11,0,6.714285714285714,7,47.0,1.4285714285714286,1.5714285714285714,0.14893594839326835,0.23404250339521201,0.2127659121774655,0.0,2.2448979591836733,0.21276564056181194,0.2340422046179931,2
3,2,0,61.0,5,305.0,0.6,0.4,0.016393439935501648,0.006557376834184367,0.00983606525127655,0.0,0.24,0.009836063961300988,0.006557375974200659,1
5,2,0,28.0,7,196.0,0.7142857142857143,0.2857142857142857,0.03571427295918823,0.010204081112036677,0.025510202780091695,0.0,0.20408163265306123,0.025510194970848735,0.010204077988339492,1
2,1,0,21.0,7,147.0,0.2857142857142857,0.14285714285714285,0.04761902494332146,0.0068027206256652635,0.013605441251330527,0.0,0.04081632653061224,0.013605435698091844,0.006802717849045922,1
4,4,0,23.875,8,191.0,0.5,0.5,0.0418847992105553,0.020942407280502236,0.020942407280502236,0.0,0.25,0.02094239960527765,0.02094239960527765,1
1,1,0,52.166666666666664,6,313.0,0.16666666666666666,0.16666666666666666,0.019169325398851363,0.0031948880768406366,0.0031948880768406366,0.0,0.027777777777777776,0.003194887566475227,0.003194887566475227,0
2,2,0,65.5,6,393.0,0.3333333333333333,0.3333333333333333,0.01526717324165294,0.0050890583946804485,0.0050890583946804485,0.0,0.1111111111111111,0.005089057747217646,0.005089057747217646,1
2,3,0,23.6,5,118.0,0.4,0.6,0.042372863401329064,0.025423726659006215,0.016949151106004142,0.0,0.24,0.016949145360531628,0.025423718040797436,1
7,7,0,21.0,7,147.0,1.0,1.0,0.04761902494332146,0.04761904437965685,0.04761904437965685,0.0,1.0,0.04761902494332146,0.04761902494332146,1
0,1,0,10.333333333333334,6,62.0,0.0,0.16666666666666666,0.09677409989603236,0.016129029656608118,0.0,0.0,0.0,0.0,0.016129016649338725,0
10,9,0,6.0,7,42.0,1.4285714285714286,1.2857142857142858,0.16666638888935187,0.21428566326531825,0.23809518140590918,0.0,1.8367346938775513,0.23809484127050268,0.21428535714345243,2
2,6,0,21.285714285714285,7,149.0,0.2857142857142857,0.8571428571428571,0.046979843700744574,0.04026845367325814,0.013422817891086047,0.0,0.24489795918367344,0.01342281248592702,0.04026843745778106,1
2,8,0,31.142857142857142,7,218.0,0.2857142857142857,1.1428571428571428,0.03211008143254266,0.03669724602306211,0.009174311505765528,0.0,0.32653061224489793,0.009174308980726473,0.03669723592290589,1
1,1,0,51.0,8,408.0,0.125,0.125,0.01960783929258053,0.0024509803320838155,0.0024509803320838155,0.0,0.015625,0.0024509799115725664,0.0024509799115725664,0
5,4,0,68.0,7,476.0,0.7142857142857143,0.5714285714285714,0.014705880190311736,0.008403361167996615,0.010504201459995768,0.0,0.40816326530612246,0.010504200135936954,0.008403360108749564,1
2,1,0,24.2,5,121.0,0.4,0.2,0.041322296974257454,0.008264462126903956,0.016528924253807913,0.0,0.08000000000000002,0.016528918789702984,0.008264459394851492,1
1,1,0,51.666666666666664,6,310.0,0.16666666666666666,0.16666666666666666,0.019354834963580328,0.0032258063475546343,0.0032258063475546343,0.0,0.027777777777777776,0.003225805827263388,0.003225805827263388,0
3,5,0,36.75,4,147.0,0.75,1.25,0.027210876949421234,0.03401360312832632,0.02040816187699579,0.0,0.9375,0.020408157712065927,0.034013596186776546,1
5,3,0,31.333333333333332,6,188.0,0.8333333333333334,0.5,0.03191488343142018,0.015957445959710322,0.026595743266183868,0.0,0.4166666666666667,0.026595736192850154,0.01595744171571009,1
4,4,0,15.833333333333334,6,95.0,0.6666666666666666,0.6666666666666666,0.06315785484767063,0.042105258725762235,0.042105258725762235,0.0,0.4444444444444444,0.04210523656511375,0.04210523656511375,1
1,4,0,23.0,6,138.0,0.16666666666666666,0.6666666666666666,0.043478241965981754,0.028985505145977888,0.007246376286494472,0.0,0.1111111111111111,0.007246373660996959,0.028985494643987836,1
9,8,0,5.5,6,33.0,1.5,1.3333333333333333,0.18181785124027047,0.242424168962373,0.27272719008266966,0.0,2.0,0.2727267768604057,0.24242380165369395,2
2,4,0,24.428571428571427,7,171.0,0.2857142857142857,0.5714285714285714,0.040935655757333905,0.02339181149755488,0.01169590574877744,0.0,0.16326530612244897,0.011695901644952544,0.02339180328990509,1
2,2,0,25.5,4,102.0,0.5,0.5,0.03921567089581533,0.01960784121491753,0.01960784121491753,0.0,0.25,0.019607835447907666,0.019607835447907666,1
2,4,0,21.5,4,86.0,0.5,1.0,0.0465116062736715,0.04651162249864854,0.02325581124932427,0.0,0.5,0.02325580313683575,0.0465116062736715,1
1,5,0,32.8,5,164.0,0.2,1.0,0.03048779558298915,0.030487803019036402,0.00609756060380728,0.0,0.2,0.006097559116597831,0.03048779558298915,1
0,5,0,24.6,5,123.0,0.0,1.0,0.04065038997951627,0.04065040319915421,0.0,0.0,0.0,0.0,0.04065038997951627,0
5,5,0,71.57142857142857,7,501.0,0.7142857142857143,0.7142857142857143,0.013972053936040368,0.009980039720957292,0.009980039720957292,0.0,0.5102040816326531,0.009980038525743121,0.009980038525743121,1
1,0,0,10.833333333333334,6,65.0,0.16666666666666666,0.0,0.09230760710067036,0.0,0.015384613017751844,0.0,0.0,0.015384601183445059,0.0,0
1,4,0,27.0,4,108.0,0.25,1.0,0.03703702331962099,0.037037033607682075,0.009259258401920519,0.0,0.25,0.009259255829905248,0.03703702331962099,1
12,8,0,5.375,8,43.0,1.5,1.0,0.18604616549550607,0.1860464683612864,0.27906970254192964,0.0,1.5,0.27906924824325907,0.18604616549550607,2
0,6,0,28.833333333333332,6,173.0,0.0,1.0,0.03468206889639229,0.03468207892011104,0.0,0.0,0.0,0.0,0.03468206889639229,0
0,0,0,11.2,5,56.0,0.0,0.0,0.08928563456639772,0.0,0.0,0.0,0.0,0.0,0.0,0
3,4,0,24.5,4,98.0,0.75,1.0,0.04081630987089393,0.04081632236568139,0.030612241774261043,0.0,0.75,0.030612232403170445,0.04081630987089393,1
0,0,0,57.0,4,228.0,0.0,0.0,0.017543856571253232,0.0,0.0,0.0,0.0,0.0,0.0,0
5,7,0,5.8,5,29.0,1.0,1.4,0.1724134958388003,0.24137922711061136,0.17241373365043666,0.0,1.4,0.1724134958388003,0.2413788941743204,2
4,5,0,54.857142857142854,7,384.0,0.5714285714285714,0.7142857142857143,0.0182291633436421,0.013020832994249141,0.010416666395399314,0.0,0.40816326530612246,0.010416664767795486,0.013020830959744358,1
2,6,0,23.857142857142858,7,167.0,0.2857142857142857,0.8571428571428571,0.04191615009502691,0.03592814156118913,0.011976047187063042,0.0,0.24489795918367344,0.011976042884293402,0.035928128652880205,1
2,4,0,23.571428571428573,7,165.0,0.2857142857142857,0.5714285714285714,0.04242422442608661,0.024242422773186497,0.012121211386593249,0.0,0.16326530612244897,0.012121206978881888,0.024242413957763775,1
0,3,0,46.8,5,234.0,0.0,0.6,0.02136751680181265,0.01282051227262768,0.0,0.0,0.0,0.0,0.01282051008108759,0
1,1,0,7.0,8,56.0,0.125,0.125,0.14285693877580175,0.017857139668367914,0.017857139668367914,0.0,0.015625,0.017857117346975218,0.017857117346975218,1
1,6,0,25.625,8,205.0,0.125,0.75,0.03902437501487804,0.029268291255205303,0.0048780485425342175,0.0,0.09375,0.004878046876859755,0.029268281261158532,1
0,0,0,54.0,4,216.0,0.0,0.0,0.01851851508916387,0.0,0.0,0.0,0.0,0.0,0.0,0
4,5,0,29.714285714285715,7,208.0,0.5714285714285714,0.7142857142857143,0.033653834828036355,0.024038460382766327,0.01923076830621306,0.0,0.40816326530612246,0.019230762758877917,0.024038453448597397,1
3,8,0,25.375,8,203.0,0.375,1.0,0.03940885146449204,0.03940886505375049,0.014778324395156434,0.0,0.375,0.014778319299184514,0.03940885146449204,1
3,6,0,56.5,8,452.0,0.375,0.75,0.017699111911661607,0.013274335989505842,0.006637167994752921,0.0,0.28125,0.006637166966873102,0.013274333933746205,1
7,7,0,34.375,8,275.0,0.875,0.875,0.029090900628101633,0.025454544528925656,0.025454544528925656,0.0,0.765625,0.02545453804958893,0.02545453804958893,1
0,3,0,33.0,4,132.0,0.0,0.75,0.030303021120296626,0.022727271005509773,0.0,0.0,0.0,0.0,0.02272726584022247,0
10,12,0,4.625,8,37.0,1.25,1.5,0.2162157487227055,0.3243242366691252,0.270270197224271,0.0,1.875,0.27026968590338185,0.32432362308405827,2
0,0,0,56.666666666666664,6,340.0,0.0,0.0,0.01764705570934311,0.0,0.0,0.0,0.0,0.0,0.0,0
0,0,0,44.25,4,177.0,0.0,0.0,0.022598864949409048,0.0,0.0,0.0,0.0,0.0,0.0,0
1,3,0,22.0,5,110.0,0.2,0.6,0.04545452479339782,0.027272724793388655,0.009090908264462886,0.0,0.12,0.009090904958679565,0.027272714876038693,1
3,1,0,62.0,4,248.0,0.75,0.25,0.016129029656608118,0.004032257901925084,0.012096773705775254,0.0,0.1875,0.012096772242456089,0.0040322574141520295,1
2,0,0,12.5,6,75.0,0.3333333333333333,0.0,0.0799999360000512,0.0,0.026666663111111585,0.0,0.0,0.0266666453333504,0.0,0
6,7,0,4.75,4,19.0,1.5,1.75,0.2105258725771104,0.36842085872586383,0.31578930747931183,0.0,2.625,0.31578880886566557,0.3684202770099432,2
2,1,0,23.75,4,95.0,0.5,0.25,0.042105245429370344,0.010526314681440559,0.021052629362881117,0.0,0.125,0.021052622714685172,0.010526311357342586,1
0,1,0,50.714285714285715,7,355.0,0.0,0.14285714285714285,0.01971830597103826,0.0028169013291013713,0.0,0.0,0.0,0.0,0.0028169008530054655,0
1,0,0,38.333333333333336,6,230.0,0.16666666666666666,0.0,0.026086949716447896,0.0,0.004347825897920613,0.0,0.0,0.004347824952741316,0.0,0
5,0,0,21.5,4,86.0,1.25,0.0,0.0465116062736715,0.0,0.058139528123310684,0.0,0.0,0.05813950784208938,0.0,0
0,1,0,45.2,5,226.0,0.0,0.2,0.022123888910644044,0.004424778565275285,0.0,0.0,0.0,0.0,0.004424777782128809,0
6,4,0,54.142857142857146,7,379.0,0.8571428571428571,0.5714285714285714,0.018469653580802766,0.010554089431290516,0.015831134146935776,0.0,0.48979591836734687,0.015831131640688084,0.010554087760458722,1
1,4,0,30.166666666666668,6,181.0,0.16666666666666666,0.6666666666666666,0.033149160282046314,0.02209944629284827,0.005524861573212068,0.0,0.1111111111111111,0.005524860047007718,0.022099440188030874,1
0,2,0,57.625,8,461.0,0.0,0.25,0.01735357616423841,0.004338394699817903,0.0,0.0,0.0,0.0,0.0043383940410596025,0
4,6,0,63.5,6,381.0,0.6666666666666666,1.0,0.015748029016058422,0.015748031082728844,0.010498687388485896,0.0,0.6666666666666666,0.010498686010705614,0.015748029016058422,1
4,6,0,68.125,8,545.0,0.5,0.75,0.01467889692786834,0.01100917410992341,0.007339449406615607,0.0,0.375,0.00733944846393417,0.011009172695901254,1
